,tiles
0,https://data.lpdaac.earthdatacloud.nasa.gov/lp-prod-protected/HLSL30.020/HLS.L30.T35MQV.2021031T081959.v2.0/HLS.L30.T35MQV.2021031T081959.v2.0.B07.tif
1,https://data.lpdaac.earthdatacloud.nasa.gov/lp-prod-protected/HLSS30.020/HLS.S30.T36MTD.2020335T080309.v2.0/HLS.S30.T36MTD.2020335T080309.v2.0.B02.tif
2,https://data.lpdaac.earthdatacloud.nasa.gov/lp-prod-protected/HLSS30.020/HLS.S30.T35MQT.2021032T081049.v2.0/HLS.S30.T35MQT.2021032T081049.v2.0.Fmask.tif
3,https://data.lpdaac.earthdatacloud.nasa.gov/lp-prod-protected/HLSS30.020/HLS.S30.T36MTB.2021029T080059.v2.0/HLS.S30.T36MTB.2021029T080059.v2.0.Fmask.tif
4,https://data.lpdaac.earthdatacloud.nasa.gov/lp-prod-protected/HLSS30.020/HLS.S30.T35MQS.2020333T081301.v2.0/HLS.S30.T35MQS.2020333T081301.v2.0.Fmask.tif
5,https://data.lpdaac.earthdatacloud.nasa.gov/lp-prod-protected/HLSS30.020/HLS.S30.T36MTD.2020365T080239.v2.0/HLS.S30.T36MTD.2020365T080239.v2.0.Fmask.tif
6,https://data.lpdaac.earthdatacloud.nasa.gov/lp-prod-protected/HLSL30.020/HLS.L30.T35MPT.2020365T082033.v2.0/HLS.L30.T35MPT.2020365T082033.v2.0.B07.tif
7,https://data.lpdaac.earthdatacloud.nasa.gov/lp-prod-protected/HLSS30.020/HLS.S30.T35MPU.2020366T082341.v2.0/HLS.S30.T35MPU.2020366T082341.v2.0.B12.tif
8,https://data.lpdaac.earthdatacloud.nasa.gov/lp-prod-protected/HLSS30.020/HLS.S30.T36MTC.2021002T081239.v2.0/HLS.S30.T36MTC.2021002T081239.v2.0.B12.tif
9,https://data.lpdaac.earthdatacloud.nasa.gov/lp-prod-protected/HLSS30.020/HLS.S30.T35MPU.2020336T082311.v2.0/HLS.S30.T35MPU.2020336T082311.v2.0.B02.tif
10,https://data.lpdaac.earthdatacloud.nasa.gov/lp-prod-protected/HLSS30.020/HLS.S30.T35MRU.2020333T081301.v2.0/HLS.S30.T35MRU.2020333T081301.v2.0.B04.tif
11,https://data.lpdaac.earthdatacloud.nasa.gov/lp-prod-protected/HLSS30.020/HLS.S30.T36MTD.2020365T080239.v2.0/HLS.S30.T36MTD.2020365T080239.v2.0.B8A.tif
12,https://data.lpdaac.earthdatacloud.nasa.gov/lp-prod-protected/HLSS30.020/HLS.S30.T35MQU.2021032T081049.v2.0/HLS.S30.T35MQU.2021032T081049.v2.0.B03.tif
13,https://data.lpdaac.earthdatacloud.nasa.gov/lp-prod-protected/HLSS30.020/HLS.S30.T36MTD.2021032T081049.v2.0/HLS.S30.T36MTD.2021032T081049.v2.0.B12.tif
14,https://data.lpdaac.earthdatacloud.nasa.gov/lp-prod-protected/HLSS30.020/HLS.S30.T35MQU.2020338T081319.v2.0/HLS.S30.T35MQU.2020338T081319.v2.0.Fmask.tif
15,https://data.lpdaac.earthdatacloud.nasa.gov/lp-prod-protected/HLSS30.020/HLS.S30.T35MPU.2020336T082311.v2.0/HLS.S30.T35MPU.2020336T082311.v2.0.Fmask.tif
16,https://data.lpdaac.earthdatacloud.nasa.gov/lp-prod-protected/HLSL30.020/HLS.L30.T35MQV.2021031T081959.v2.0/HLS.L30.T35MQV.2021031T081959.v2.0.B03.tif
17,https://data.lpdaac.earthdatacloud.nasa.gov/lp-prod-protected/HLSS30.020/HLS.S30.T36MTE.2021059T075849.v2.0/HLS.S30.T36MTE.2021059T075849.v2.0.Fmask.tif
18,https://data.lpdaac.earthdatacloud.nasa.gov/lp-prod-protected/HLSS30.020/HLS.S30.T36MTE.2020365T080239.v2.0/HLS.S30.T36MTE.2020365T080239.v2.0.B03.tif
19,https://data.lpdaac.earthdatacloud.nasa.gov/lp-prod-protected/HLSS30.020/HLS.S30.T36MTC.2020365T080239.v2.0/HLS.S30.T36MTC.2020365T080239.v2.0.B04.tif
20,https://data.lpdaac.earthdatacloud.nasa.gov/lp-prod-protected/HLSS30.020/HLS.S30.T36MTC.2020365T080239.v2.0/HLS.S30.T36MTC.2020365T080239.v2.0.B03.tif
21,https://data.lpdaac.earthdatacloud.nasa.gov/lp-prod-protected/HLSL30.020/HLS.L30.T35MPT.2020365T082033.v2.0/HLS.L30.T35MPT.2020365T082033.v2.0.B04.tif
22,https://data.lpdaac.earthdatacloud.nasa.gov/lp-prod-protected/HLSS30.020/HLS.S30.T35MQU.2021032T081049.v2.0/HLS.S30.T35MQU.2021032T081049.v2.0.B12.tif
23,https://data.lpdaac.earthdatacloud.nasa.gov/lp-prod-protected/HLSS30.020/HLS.S30.T35MQT.2020338T081319.v2.0/HLS.S30.T35MQT.2020338T081319.v2.0.B11.tif
24,https://data.lpdaac.earthdatacloud.nasa.gov/lp-prod-protected/HLSS30.020/HLS.S30.T36MTB.2021059T075849.v2.0/HLS.S30.T36MTB.2021059T075849.v2.0.B8A.tif
25,https://data.lpdaac.earthdatacloud.nasa.gov/lp-prod-protected/HLSS30.020/HLS.S30.T35MQT.2021032T081049.v2.0/HLS.S30.T35MQT.2021032T081049.v2.0.B12.tif
26,https://data.lpdaac.earthdatacloud.nasa.gov/lp-prod-protected/HLSS30.020/HLS.S30.T36MTD.2021029T080059.v2.0/HLS.S30.T36MTD.2021029T080059.v2.0.B04.tif
27,https://data.lpdaac.earthdatacloud.nasa.gov/lp-prod-protected/HLSS30.020/HLS.S30.T36MTC.2021002T081239.v2.0/HLS.S30.T36MTC.2021002T081239.v2.0.B03.tif
28,https://data.lpdaac.earthdatacloud.nasa.gov/lp-prod-protected/HLSS30.020/HLS.S30.T35MRU.2021002T081239.v2.0/HLS.S30.T35MRU.2021002T081239.v2.0.Fmask.tif
29,https://data.lpdaac.earthdatacloud.nasa.gov/lp-prod-protected/HLSS30.020/HLS.S30.T36MTC.2021002T081239.v2.0/HLS.S30.T36MTC.2021002T081239.v2.0.B11.tif
30,https://data.lpdaac.earthdatacloud.nasa.gov/lp-prod-protected/HLSS30.020/HLS.S30.T36MTD.2021059T075849.v2.0/HLS.S30.T36MTD.2021059T075849.v2.0.B03.tif
31,https://data.lpdaac.earthdatacloud.nasa.gov/lp-prod-protected/HLSL30.020/HLS.L30.T35MQV.2021063T081949.v2.0/HLS.L30.T35MQV.2021063T081949.v2.0.B06.tif
32,https://data.lpdaac.earthdatacloud.nasa.gov/lp-prod-protected/HLSS30.020/HLS.S30.T35MQU.2021032T081049.v2.0/HLS.S30.T35MQU.2021032T081049.v2.0.B02.tif
33,https://data.lpdaac.earthdatacloud.nasa.gov/lp-prod-protected/HLSS30.020/HLS.S30.T35MPU.2020366T082341.v2.0/HLS.S30.T35MPU.2020366T082341.v2.0.B02.tif
34,https://data.lpdaac.earthdatacloud.nasa.gov/lp-prod-protected/HLSS30.020/HLS.S30.T35MQS.2021027T081211.v2.0/HLS.S30.T35MQS.2021027T081211.v2.0.Fmask.tif
35,https://data.lpdaac.earthdatacloud.nasa.gov/lp-prod-protected/HLSS30.020/HLS.S30.T35MRU.2020333T081301.v2.0/HLS.S30.T35MRU.2020333T081301.v2.0.B8A.tif
36,https://data.lpdaac.earthdatacloud.nasa.gov/lp-prod-protected/HLSS30.020/HLS.S30.T35MPT.2020333T081301.v2.0/HLS.S30.T35MPT.2020333T081301.v2.0.B11.tif
37,https://data.lpdaac.earthdatacloud.nasa.gov/lp-prod-protected/HLSS30.020/HLS.S30.T35MPU.2020366T082341.v2.0/HLS.S30.T35MPU.2020366T082341.v2.0.B8A.tif
38,https://data.lpdaac.earthdatacloud.nasa.gov/lp-prod-protected/HLSS30.020/HLS.S30.T36MTB.2021059T075849.v2.0/HLS.S30.T36MTB.2021059T075849.v2.0.B02.tif
39,https://data.lpdaac.earthdatacloud.nasa.gov/lp-prod-protected/HLSS30.020/HLS.S30.T35MPT.2020333T081301.v2.0/HLS.S30.T35MPT.2020333T081301.v2.0.B04.tif
40,https://data.lpdaac.earthdatacloud.nasa.gov/lp-prod-protected/HLSL30.020/HLS.L30.T35MRT.2020335T080815.v2.0/HLS.L30.T35MRT.2020335T080815.v2.0.B06.tif
41,https://data.lpdaac.earthdatacloud.nasa.gov/lp-prod-protected/HLSL30.020/HLS.L30.T35MRT.2020335T080815.v2.0/HLS.L30.T35MRT.2020335T080815.v2.0.B03.tif
42,https://data.lpdaac.earthdatacloud.nasa.gov/lp-prod-protected/HLSS30.020/HLS.S30.T35MQU.2020338T081319.v2.0/HLS.S30.T35MQU.2020338T081319.v2.0.B04.tif
43,https://data.lpdaac.earthdatacloud.nasa.gov/lp-prod-protected/HLSS30.020/HLS.S30.T35MPT.2021002T081239.v2.0/HLS.S30.T35MPT.2021002T081239.v2.0.Fmask.tif
44,https://data.lpdaac.earthdatacloud.nasa.gov/lp-prod-protected/HLSS30.020/HLS.S30.T35MPT.2021002T081239.v2.0/HLS.S30.T35MPT.2021002T081239.v2.0.B03.tif
45,https://data.lpdaac.earthdatacloud.nasa.gov/lp-prod-protected/HLSL30.020/HLS.L30.T35MPT.2021031T082023.v2.0/HLS.L30.T35MPT.2021031T082023.v2.0.B04.tif
46,https://data.lpdaac.earthdatacloud.nasa.gov/lp-prod-protected/HLSS30.020/HLS.S30.T36MTB.2021002T081239.v2.0/HLS.S30.T36MTB.2021002T081239.v2.0.B11.tif
47,https://data.lpdaac.earthdatacloud.nasa.gov/lp-prod-protected/HLSS30.020/HLS.S30.T36MTC.2021059T075849.v2.0/HLS.S30.T36MTC.2021059T075849.v2.0.B12.tif
48,https://data.lpdaac.earthdatacloud.nasa.gov/lp-prod-protected/HLSS30.020/HLS.S30.T35MRU.2021002T081239.v2.0/HLS.S30.T35MRU.2021002T081239.v2.0.B03.tif
49,https://data.lpdaac.earthdatacloud.nasa.gov/lp-prod-protected/HLSS30.020/HLS.S30.T36MTC.2021029T080059.v2.0/HLS.S30.T36MTC.2021029T080059.v2.0.B02.tif
50,https://data.lpdaac.earthdatacloud.nasa.gov/lp-prod-protected/HLSS30.020/HLS.S30.T36MTB.2020365T080239.v2.0/HLS.S30.T36MTB.2020365T080239.v2.0.B03.tif
51,https://data.lpdaac.earthdatacloud.nasa.gov/lp-prod-protected/HLSS30.020/HLS.S30.T36MTD.2021002T081239.v2.0/HLS.S30.T36MTD.2021002T081239.v2.0.B03.tif
52,https://data.lpdaac.earthdatacloud.nasa.gov/lp-prod-protected/HLSS30.020/HLS.S30.T36MTC.2020335T080309.v2.0/HLS.S30.T36MTC.2020335T080309.v2.0.B12.tif
53,https://data.lpdaac.earthdatacloud.nasa.gov/lp-prod-protected/HLSS30.020/HLS.S30.T36MTC.2021032T081049.v2.0/HLS.S30.T36MTC.2021032T081049.v2.0.B11.tif
54,https://data.lpdaac.earthdatacloud.nasa.gov/lp-prod-protected/HLSS30.020/HLS.S30.T35MQT.2020338T081319.v2.0/HLS.S30.T35MQT.2020338T081319.v2.0.B02.tif
55,https://data.lpdaac.earthdatacloud.nasa.gov/lp-prod-protected/HLSS30.020/HLS.S30.T35MQU.2021002T081239.v2.0/HLS.S30.T35MQU.2021002T081239.v2.0.B02.tif
56,https://data.lpdaac.earthdatacloud.nasa.gov/lp-prod-protected/HLSS30.020/HLS.S30.T35MQU.2021002T081239.v2.0/HLS.S30.T35MQU.2021002T081239.v2.0.B12.tif
57,https://data.lpdaac.earthdatacloud.nasa.gov/lp-prod-protected/HLSS30.020/HLS.S30.T36MTD.2021002T081239.v2.0/HLS.S30.T36MTD.2021002T081239.v2.0.B04.tif
58,https://data.lpdaac.earthdatacloud.nasa.gov/lp-prod-protected/HLSS30.020/HLS.S30.T35MQU.2021002T081239.v2.0/HLS.S30.T35MQU.2021002T081239.v2.0.B04.tif
59,https://data.lpdaac.earthdatacloud.nasa.gov/lp-prod-protected/HLSS30.020/HLS.S30.T36MTB.2021002T081239.v2.0/HLS.S30.T36MTB.2021002T081239.v2.0.Fmask.tif
60,https://data.lpdaac.earthdatacloud.nasa.gov/lp-prod-protected/HLSS30.020/HLS.S30.T36MTB.2021002T081239.v2.0/HLS.S30.T36MTB.2021002T081239.v2.0.B03.tif
61,https://data.lpdaac.earthdatacloud.nasa.gov/lp-prod-protected/HLSS30.020/HLS.S30.T36MTE.2021032T081049.v2.0/HLS.S30.T36MTE.2021032T081049.v2.0.B04.tif
62,https://data.lpdaac.earthdatacloud.nasa.gov/lp-prod-protected/HLSS30.020/HLS.S30.T35MRU.2020333T081301.v2.0/HLS.S30.T35MRU.2020333T081301.v2.0.Fmask.tif
63,https://data.lpdaac.earthdatacloud.nasa.gov/lp-prod-protected/HLSS30.020/HLS.S30.T36MTD.2021029T080059.v2.0/HLS.S30.T36MTD.2021029T080059.v2.0.B8A.tif
64,https://data.lpdaac.earthdatacloud.nasa.gov/lp-prod-protected/HLSS30.020/HLS.S30.T36MTE.2020335T080309.v2.0/HLS.S30.T36MTE.2020335T080309.v2.0.B03.tif
65,https://data.lpdaac.earthdatacloud.nasa.gov/lp-prod-protected/HLSS30.020/HLS.S30.T36MTE.2020335T080309.v2.0/HLS.S30.T36MTE.2020335T080309.v2.0.B12.tif
66,https://data.lpdaac.earthdatacloud.nasa.gov/lp-prod-protected/HLSL30.020/HLS.L30.T35MQV.2021031T081959.v2.0/HLS.L30.T35MQV.2021031T081959.v2.0.B04.tif
67,https://data.lpdaac.earthdatacloud.nasa.gov/lp-prod-protected/HLSS30.020/HLS.S30.T35MRU.2020333T081301.v2.0/HLS.S30.T35MRU.2020333T081301.v2.0.B12.tif
68,https://data.lpdaac.earthdatacloud.nasa.gov/lp-prod-protected/HLSS30.020/HLS.S30.T35MRT.2021002T081239.v2.0/HLS.S30.T35MRT.2021002T081239.v2.0.B02.tif
69,https://data.lpdaac.earthdatacloud.nasa.gov/lp-prod-protected/HLSS30.020/HLS.S30.T36MTE.2020365T080239.v2.0/HLS.S30.T36MTE.2020365T080239.v2.0.B12.tif
70,https://data.lpdaac.earthdatacloud.nasa.gov/lp-prod-protected/HLSS30.020/HLS.S30.T35MQS.2020333T081301.v2.0/HLS.S30.T35MQS.2020333T081301.v2.0.B11.tif
71,https://data.lpdaac.earthdatacloud.nasa.gov/lp-prod-protected/HLSS30.020/HLS.S30.T36MTB.2021029T080059.v2.0/HLS.S30.T36MTB.2021029T080059.v2.0.B12.tif
72,https://data.lpdaac.earthdatacloud.nasa.gov/lp-prod-protected/HLSS30.020/HLS.S30.T35MPU.2020366T082341.v2.0/HLS.S30.T35MPU.2020366T082341.v2.0.B04.tif
73,https://data.lpdaac.earthdatacloud.nasa.gov/lp-prod-protected/HLSS30.020/HLS.S30.T35MQT.2021002T081239.v2.0/HLS.S30.T35MQT.2021002T081239.v2.0.B11.tif
74,https://data.lpdaac.earthdatacloud.nasa.gov/lp-prod-protected/HLSS30.020/HLS.S30.T36MTB.2021059T075849.v2.0/HLS.S30.T36MTB.2021059T075849.v2.0.B04.tif
75,https://data.lpdaac.earthdatacloud.nasa.gov/lp-prod-protected/HLSS30.020/HLS.S30.T36MTB.2021032T081049.v2.0/HLS.S30.T36MTB.2021032T081049.v2.0.B04.tif
76,https://data.lpdaac.earthdatacloud.nasa.gov/lp-prod-protected/HLSS30.020/HLS.S30.T36MTE.2020335T080309.v2.0/HLS.S30.T36MTE.2020335T080309.v2.0.B02.tif
77,https://data.lpdaac.earthdatacloud.nasa.gov/lp-prod-protected/HLSS30.020/HLS.S30.T35MQS.2020333T081301.v2.0/HLS.S30.T35MQS.2020333T081301.v2.0.B02.tif
78,https://data.lpdaac.earthdatacloud.nasa.gov/lp-prod-protected/HLSS30.020/HLS.S30.T36MTC.2021029T080059.v2.0/HLS.S30.T36MTC.2021029T080059.v2.0.B04.tif
79,https://data.lpdaac.earthdatacloud.nasa.gov/lp-prod-protected/HLSS30.020/HLS.S30.T35MRT.2021032T081049.v2.0/HLS.S30.T35MRT.2021032T081049.v2.0.Fmask.tif
80,https://data.lpdaac.earthdatacloud.nasa.gov/lp-prod-protected/HLSS30.020/HLS.S30.T36MTC.2021032T081049.v2.0/HLS.S30.T36MTC.2021032T081049.v2.0.Fmask.tif
81,https://data.lpdaac.earthdatacloud.nasa.gov/lp-prod-protected/HLSS30.020/HLS.S30.T35MQU.2020338T081319.v2.0/HLS.S30.T35MQU.2020338T081319.v2.0.B8A.tif
82,https://data.lpdaac.earthdatacloud.nasa.gov/lp-prod-protected/HLSS30.020/HLS.S30.T36MTB.2021002T081239.v2.0/HLS.S30.T36MTB.2021002T081239.v2.0.B12.tif
83,https://data.lpdaac.earthdatacloud.nasa.gov/lp-prod-protected/HLSS30.020/HLS.S30.T35MRU.2021032T081049.v2.0/HLS.S30.T35MRU.2021032T081049.v2.0.B11.tif
84,https://data.lpdaac.earthdatacloud.nasa.gov/lp-prod-protected/HLSS30.020/HLS.S30.T35MQT.2021002T081239.v2.0/HLS.S30.T35MQT.2021002T081239.v2.0.Fmask.tif
85,https://data.lpdaac.earthdatacloud.nasa.gov/lp-prod-protected/HLSS30.020/HLS.S30.T35MPU.2021060T081851.v2.0/HLS.S30.T35MPU.2021060T081851.v2.0.B12.tif
86,https://data.lpdaac.earthdatacloud.nasa.gov/lp-prod-protected/HLSL30.020/HLS.L30.T35MPU.2021031T082023.v2.0/HLS.L30.T35MPU.2021031T082023.v2.0.B07.tif
87,https://data.lpdaac.earthdatacloud.nasa.gov/lp-prod-protected/HLSS30.020/HLS.S30.T35MQT.2021032T081049.v2.0/HLS.S30.T35MQT.2021032T081049.v2.0.B8A.tif
88,https://data.lpdaac.earthdatacloud.nasa.gov/lp-prod-protected/HLSS30.020/HLS.S30.T36MTB.2021059T075849.v2.0/HLS.S30.T36MTB.2021059T075849.v2.0.B12.tif
89,https://data.lpdaac.earthdatacloud.nasa.gov/lp-prod-protected/HLSS30.020/HLS.S30.T36MTE.2020335T080309.v2.0/HLS.S30.T36MTE.2020335T080309.v2.0.B8A.tif
90,https://data.lpdaac.earthdatacloud.nasa.gov/lp-prod-protected/HLSS30.020/HLS.S30.T35MPU.2021060T081851.v2.0/HLS.S30.T35MPU.2021060T081851.v2.0.B04.tif
91,https://data.lpdaac.earthdatacloud.nasa.gov/lp-prod-protected/HLSS30.020/HLS.S30.T35MRU.2021032T081049.v2.0/HLS.S30.T35MRU.2021032T081049.v2.0.B03.tif
92,https://data.lpdaac.earthdatacloud.nasa.gov/lp-prod-protected/HLSS30.020/HLS.S30.T36MTC.2021059T075849.v2.0/HLS.S30.T36MTC.2021059T075849.v2.0.Fmask.tif
93,https://data.lpdaac.earthdatacloud.nasa.gov/lp-prod-protected/HLSS30.020/HLS.S30.T36MTD.2021032T081049.v2.0/HLS.S30.T36MTD.2021032T081049.v2.0.B04.tif
94,https://data.lpdaac.earthdatacloud.nasa.gov/lp-prod-protected/HLSS30.020/HLS.S30.T36MTC.2020365T080239.v2.0/HLS.S30.T36MTC.2020365T080239.v2.0.B11.tif
95,https://data.lpdaac.earthdatacloud.nasa.gov/lp-prod-protected/HLSS30.020/HLS.S30.T35MPT.2021002T081239.v2.0/HLS.S30.T35MPT.2021002T081239.v2.0.B02.tif
96,https://data.lpdaac.earthdatacloud.nasa.gov/lp-prod-protected/HLSS30.020/HLS.S30.T35MQV.2021002T081239.v2.0/HLS.S30.T35MQV.2021002T081239.v2.0.B04.tif
97,https://data.lpdaac.earthdatacloud.nasa.gov/lp-prod-protected/HLSS30.020/HLS.S30.T36MTC.2021059T075849.v2.0/HLS.S30.T36MTC.2021059T075849.v2.0.B03.tif
98,https://data.lpdaac.earthdatacloud.nasa.gov/lp-prod-protected/HLSS30.020/HLS.S30.T35MQV.2021002T081239.v2.0/HLS.S30.T35MQV.2021002T081239.v2.0.B12.tif
99,https://data.lpdaac.earthdatacloud.nasa.gov/lp-prod-protected/HLSS30.020/HLS.S30.T35MPT.2020333T081301.v2.0/HLS.S30.T35MPT.2020333T081301.v2.0.B03.tif
100,https://data.lpdaac.earthdatacloud.nasa.gov/lp-prod-protected/HLSS30.020/HLS.S30.T36MTB.2021032T081049.v2.0/HLS.S30.T36MTB.2021032T081049.v2.0.B12.tif
101,https://data.lpdaac.earthdatacloud.nasa.gov/lp-prod-protected/HLSS30.020/HLS.S30.T36MTD.2021032T081049.v2.0/HLS.S30.T36MTD.2021032T081049.v2.0.B11.tif
102,https://data.lpdaac.earthdatacloud.nasa.gov/lp-prod-protected/HLSS30.020/HLS.S30.T35MRT.2021002T081239.v2.0/HLS.S30.T35MRT.2021002T081239.v2.0.B8A.tif
103,https://data.lpdaac.earthdatacloud.nasa.gov/lp-prod-protected/HLSL30.020/HLS.L30.T35MPT.2020365T082033.v2.0/HLS.L30.T35MPT.2020365T082033.v2.0.B03.tif
104,https://data.lpdaac.earthdatacloud.nasa.gov/lp-prod-protected/HLSS30.020/HLS.S30.T35MPU.2021030T082201.v2.0/HLS.S30.T35MPU.2021030T082201.v2.0.B11.tif
105,https://data.lpdaac.earthdatacloud.nasa.gov/lp-prod-protected/HLSS30.020/HLS.S30.T35MPU.2020366T082341.v2.0/HLS.S30.T35MPU.2020366T082341.v2.0.Fmask.tif
106,https://data.lpdaac.earthdatacloud.nasa.gov/lp-prod-protected/HLSS30.020/HLS.S30.T35MRT.2021032T081049.v2.0/HLS.S30.T35MRT.2021032T081049.v2.0.B11.tif
107,https://data.lpdaac.earthdatacloud.nasa.gov/lp-prod-protected/HLSL30.020/HLS.L30.T35MPT.2021063T082013.v2.0/HLS.L30.T35MPT.2021063T082013.v2.0.B07.tif
108,https://data.lpdaac.earthdatacloud.nasa.gov/lp-prod-protected/HLSS30.020/HLS.S30.T36MTC.2020335T080309.v2.0/HLS.S30.T36MTC.2020335T080309.v2.0.B8A.tif
109,https://data.lpdaac.earthdatacloud.nasa.gov/lp-prod-protected/HLSS30.020/HLS.S30.T35MPU.2021060T081851.v2.0/HLS.S30.T35MPU.2021060T081851.v2.0.B03.tif
110,https://data.lpdaac.earthdatacloud.nasa.gov/lp-prod-protected/HLSS30.020/HLS.S30.T36MTB.2021032T081049.v2.0/HLS.S30.T36MTB.2021032T081049.v2.0.B11.tif
111,https://data.lpdaac.earthdatacloud.nasa.gov/lp-prod-protected/HLSS30.020/HLS.S30.T35MRU.2021002T081239.v2.0/HLS.S30.T35MRU.2021002T081239.v2.0.B02.tif
112,https://data.lpdaac.earthdatacloud.nasa.gov/lp-prod-protected/HLSS30.020/HLS.S30.T35MQU.2021002T081239.v2.0/HLS.S30.T35MQU.2021002T081239.v2.0.B11.tif
113,https://data.lpdaac.earthdatacloud.nasa.gov/lp-prod-protected/HLSS30.020/HLS.S30.T36MTE.2021059T075849.v2.0/HLS.S30.T36MTE.2021059T075849.v2.0.B04.tif
114,https://data.lpdaac.earthdatacloud.nasa.gov/lp-prod-protected/HLSS30.020/HLS.S30.T35MPT.2021002T081239.v2.0/HLS.S30.T35MPT.2021002T081239.v2.0.B12.tif
115,https://data.lpdaac.earthdatacloud.nasa.gov/lp-prod-protected/HLSS30.020/HLS.S30.T35MRU.2020333T081301.v2.0/HLS.S30.T35MRU.2020333T081301.v2.0.B03.tif
116,https://data.lpdaac.earthdatacloud.nasa.gov/lp-prod-protected/HLSL30.020/HLS.L30.T35MPT.2020365T082033.v2.0/HLS.L30.T35MPT.2020365T082033.v2.0.B06.tif
117,https://data.lpdaac.earthdatacloud.nasa.gov/lp-prod-protected/HLSL30.020/HLS.L30.T35MPT.2021031T082023.v2.0/HLS.L30.T35MPT.2021031T082023.v2.0.B02.tif
118,https://data.lpdaac.earthdatacloud.nasa.gov/lp-prod-protected/HLSS30.020/HLS.S30.T35MQU.2020338T081319.v2.0/HLS.S30.T35MQU.2020338T081319.v2.0.B03.tif
119,https://data.lpdaac.earthdatacloud.nasa.gov/lp-prod-protected/HLSS30.020/HLS.S30.T35MRU.2021002T081239.v2.0/HLS.S30.T35MRU.2021002T081239.v2.0.B11.tif
120,https://data.lpdaac.earthdatacloud.nasa.gov/lp-prod-protected/HLSS30.020/HLS.S30.T35MQS.2021027T081211.v2.0/HLS.S30.T35MQS.2021027T081211.v2.0.B11.tif
121,https://data.lpdaac.earthdatacloud.nasa.gov/lp-prod-protected/HLSL30.020/HLS.L30.T35MPU.2021031T082023.v2.0/HLS.L30.T35MPU.2021031T082023.v2.0.B04.tif
122,https://data.lpdaac.earthdatacloud.nasa.gov/lp-prod-protected/HLSS30.020/HLS.S30.T36MTD.2020365T080239.v2.0/HLS.S30.T36MTD.2020365T080239.v2.0.B04.tif
123,https://data.lpdaac.earthdatacloud.nasa.gov/lp-prod-protected/HLSS30.020/HLS.S30.T36MTC.2021029T080059.v2.0/HLS.S30.T36MTC.2021029T080059.v2.0.B11.tif
124,https://data.lpdaac.earthdatacloud.nasa.gov/lp-prod-protected/HLSS30.020/HLS.S30.T36MTD.2020365T080239.v2.0/HLS.S30.T36MTD.2020365T080239.v2.0.B02.tif
125,https://data.lpdaac.earthdatacloud.nasa.gov/lp-prod-protected/HLSS30.020/HLS.S30.T36MTD.2021029T080059.v2.0/HLS.S30.T36MTD.2021029T080059.v2.0.B02.tif
126,https://data.lpdaac.earthdatacloud.nasa.gov/lp-prod-protected/HLSS30.020/HLS.S30.T35MRT.2021002T081239.v2.0/HLS.S30.T35MRT.2021002T081239.v2.0.B04.tif
127,https://data.lpdaac.earthdatacloud.nasa.gov/lp-prod-protected/HLSS30.020/HLS.S30.T35MQT.2021002T081239.v2.0/HLS.S30.T35MQT.2021002T081239.v2.0.B03.tif
128,https://data.lpdaac.earthdatacloud.nasa.gov/lp-prod-protected/HLSL30.020/HLS.L30.T35MPU.2021031T082023.v2.0/HLS.L30.T35MPU.2021031T082023.v2.0.B02.tif
129,https://data.lpdaac.earthdatacloud.nasa.gov/lp-prod-protected/HLSS30.020/HLS.S30.T35MPT.2020333T081301.v2.0/HLS.S30.T35MPT.2020333T081301.v2.0.Fmask.tif
130,https://data.lpdaac.earthdatacloud.nasa.gov/lp-prod-protected/HLSS30.020/HLS.S30.T35MQV.2021002T081239.v2.0/HLS.S30.T35MQV.2021002T081239.v2.0.Fmask.tif
131,https://data.lpdaac.earthdatacloud.nasa.gov/lp-prod-protected/HLSS30.020/HLS.S30.T35MPU.2021030T082201.v2.0/HLS.S30.T35MPU.2021030T082201.v2.0.B03.tif
132,https://data.lpdaac.earthdatacloud.nasa.gov/lp-prod-protected/HLSS30.020/HLS.S30.T35MRT.2021002T081239.v2.0/HLS.S30.T35MRT.2021002T081239.v2.0.Fmask.tif
133,https://data.lpdaac.earthdatacloud.nasa.gov/lp-prod-protected/HLSS30.020/HLS.S30.T36MTC.2021059T075849.v2.0/HLS.S30.T36MTC.2021059T075849.v2.0.B04.tif
134,https://data.lpdaac.earthdatacloud.nasa.gov/lp-prod-protected/HLSS30.020/HLS.S30.T36MTE.2021029T080059.v2.0/HLS.S30.T36MTE.2021029T080059.v2.0.B03.tif
135,https://data.lpdaac.earthdatacloud.nasa.gov/lp-prod-protected/HLSL30.020/HLS.L30.T35MPT.2021031T082023.v2.0/HLS.L30.T35MPT.2021031T082023.v2.0.Fmask.tif
136,https://data.lpdaac.earthdatacloud.nasa.gov/lp-prod-protected/HLSS30.020/HLS.S30.T36MTB.2021029T080059.v2.0/HLS.S30.T36MTB.2021029T080059.v2.0.B04.tif
137,https://data.lpdaac.earthdatacloud.nasa.gov/lp-prod-protected/HLSS30.020/HLS.S30.T36MTB.2021002T081239.v2.0/HLS.S30.T36MTB.2021002T081239.v2.0.B04.tif
138,https://data.lpdaac.earthdatacloud.nasa.gov/lp-prod-protected/HLSS30.020/HLS.S30.T36MTE.2020335T080309.v2.0/HLS.S30.T36MTE.2020335T080309.v2.0.Fmask.tif
139,https://data.lpdaac.earthdatacloud.nasa.gov/lp-prod-protected/HLSS30.020/HLS.S30.T36MTD.2020335T080309.v2.0/HLS.S30.T36MTD.2020335T080309.v2.0.B12.tif
140,https://data.lpdaac.earthdatacloud.nasa.gov/lp-prod-protected/HLSS30.020/HLS.S30.T36MTC.2021059T075849.v2.0/HLS.S30.T36MTC.2021059T075849.v2.0.B8A.tif
141,https://data.lpdaac.earthdatacloud.nasa.gov/lp-prod-protected/HLSS30.020/HLS.S30.T35MPU.2020336T082311.v2.0/HLS.S30.T35MPU.2020336T082311.v2.0.B04.tif
142,https://data.lpdaac.earthdatacloud.nasa.gov/lp-prod-protected/HLSS30.020/HLS.S30.T36MTB.2020365T080239.v2.0/HLS.S30.T36MTB.2020365T080239.v2.0.B04.tif
143,https://data.lpdaac.earthdatacloud.nasa.gov/lp-prod-protected/HLSS30.020/HLS.S30.T36MTB.2020335T080309.v2.0/HLS.S30.T36MTB.2020335T080309.v2.0.B8A.tif
144,https://data.lpdaac.earthdatacloud.nasa.gov/lp-prod-protected/HLSS30.020/HLS.S30.T36MTC.2020335T080309.v2.0/HLS.S30.T36MTC.2020335T080309.v2.0.B11.tif
145,https://data.lpdaac.earthdatacloud.nasa.gov/lp-prod-protected/HLSS30.020/HLS.S30.T35MPU.2021060T081851.v2.0/HLS.S30.T35MPU.2021060T081851.v2.0.Fmask.tif
146,https://data.lpdaac.earthdatacloud.nasa.gov/lp-prod-protected/HLSS30.020/HLS.S30.T36MTD.2021002T081239.v2.0/HLS.S30.T36MTD.2021002T081239.v2.0.B02.tif
147,https://data.lpdaac.earthdatacloud.nasa.gov/lp-prod-protected/HLSS30.020/HLS.S30.T36MTC.2021032T081049.v2.0/HLS.S30.T36MTC.2021032T081049.v2.0.B12.tif
148,https://data.lpdaac.earthdatacloud.nasa.gov/lp-prod-protected/HLSS30.020/HLS.S30.T36MTD.2021032T081049.v2.0/HLS.S30.T36MTD.2021032T081049.v2.0.B02.tif
149,https://data.lpdaac.earthdatacloud.nasa.gov/lp-prod-protected/HLSS30.020/HLS.S30.T36MTE.2020365T080239.v2.0/HLS.S30.T36MTE.2020365T080239.v2.0.B11.tif
150,https://data.lpdaac.earthdatacloud.nasa.gov/lp-prod-protected/HLSS30.020/HLS.S30.T36MTD.2021002T081239.v2.0/HLS.S30.T36MTD.2021002T081239.v2.0.B12.tif
151,https://data.lpdaac.earthdatacloud.nasa.gov/lp-prod-protected/HLSS30.020/HLS.S30.T36MTB.2020365T080239.v2.0/HLS.S30.T36MTB.2020365T080239.v2.0.B02.tif
152,https://data.lpdaac.earthdatacloud.nasa.gov/lp-prod-protected/HLSS30.020/HLS.S30.T35MQS.2021027T081211.v2.0/HLS.S30.T35MQS.2021027T081211.v2.0.B02.tif
153,https://data.lpdaac.earthdatacloud.nasa.gov/lp-prod-protected/HLSL30.020/HLS.L30.T35MPU.2021031T082023.v2.0/HLS.L30.T35MPU.2021031T082023.v2.0.B03.tif
154,https://data.lpdaac.earthdatacloud.nasa.gov/lp-prod-protected/HLSL30.020/HLS.L30.T35MPT.2021031T082023.v2.0/HLS.L30.T35MPT.2021031T082023.v2.0.B05.tif
155,https://data.lpdaac.earthdatacloud.nasa.gov/lp-prod-protected/HLSL30.020/HLS.L30.T35MQV.2021063T081949.v2.0/HLS.L30.T35MQV.2021063T081949.v2.0.Fmask.tif
156,https://data.lpdaac.earthdatacloud.nasa.gov/lp-prod-protected/HLSS30.020/HLS.S30.T35MRU.2021032T081049.v2.0/HLS.S30.T35MRU.2021032T081049.v2.0.B04.tif
157,https://data.lpdaac.earthdatacloud.nasa.gov/lp-prod-protected/HLSS30.020/HLS.S30.T36MTE.2021059T075849.v2.0/HLS.S30.T36MTE.2021059T075849.v2.0.B03.tif
158,https://data.lpdaac.earthdatacloud.nasa.gov/lp-prod-protected/HLSL30.020/HLS.L30.T35MPT.2021031T082023.v2.0/HLS.L30.T35MPT.2021031T082023.v2.0.B07.tif
159,https://data.lpdaac.earthdatacloud.nasa.gov/lp-prod-protected/HLSL30.020/HLS.L30.T35MQV.2021063T081949.v2.0/HLS.L30.T35MQV.2021063T081949.v2.0.B03.tif
160,https://data.lpdaac.earthdatacloud.nasa.gov/lp-prod-protected/HLSS30.020/HLS.S30.T36MTB.2020335T080309.v2.0/HLS.S30.T36MTB.2020335T080309.v2.0.Fmask.tif
161,https://data.lpdaac.earthdatacloud.nasa.gov/lp-prod-protected/HLSS30.020/HLS.S30.T35MQU.2021002T081239.v2.0/HLS.S30.T35MQU.2021002T081239.v2.0.B8A.tif
162,https://data.lpdaac.earthdatacloud.nasa.gov/lp-prod-protected/HLSS30.020/HLS.S30.T35MPU.2021030T082201.v2.0/HLS.S30.T35MPU.2021030T082201.v2.0.B12.tif
163,https://data.lpdaac.earthdatacloud.nasa.gov/lp-prod-protected/HLSS30.020/HLS.S30.T36MTB.2021029T080059.v2.0/HLS.S30.T36MTB.2021029T080059.v2.0.B11.tif
164,https://data.lpdaac.earthdatacloud.nasa.gov/lp-prod-protected/HLSS30.020/HLS.S30.T35MRU.2021002T081239.v2.0/HLS.S30.T35MRU.2021002T081239.v2.0.B04.tif
165,https://data.lpdaac.earthdatacloud.nasa.gov/lp-prod-protected/HLSL30.020/HLS.L30.T35MPT.2021063T082013.v2.0/HLS.L30.T35MPT.2021063T082013.v2.0.Fmask.tif
166,https://data.lpdaac.earthdatacloud.nasa.gov/lp-prod-protected/HLSS30.020/HLS.S30.T35MPT.2021002T081239.v2.0/HLS.S30.T35MPT.2021002T081239.v2.0.B11.tif
167,https://data.lpdaac.earthdatacloud.nasa.gov/lp-prod-protected/HLSS30.020/HLS.S30.T35MRT.2021002T081239.v2.0/HLS.S30.T35MRT.2021002T081239.v2.0.B12.tif
168,https://data.lpdaac.earthdatacloud.nasa.gov/lp-prod-protected/HLSS30.020/HLS.S30.T36MTC.2020365T080239.v2.0/HLS.S30.T36MTC.2020365T080239.v2.0.B02.tif
169,https://data.lpdaac.earthdatacloud.nasa.gov/lp-prod-protected/HLSS30.020/HLS.S30.T35MRT.2021032T081049.v2.0/HLS.S30.T35MRT.2021032T081049.v2.0.B03.tif
170,https://data.lpdaac.earthdatacloud.nasa.gov/lp-prod-protected/HLSS30.020/HLS.S30.T36MTB.2020335T080309.v2.0/HLS.S30.T36MTB.2020335T080309.v2.0.B03.tif
171,https://data.lpdaac.earthdatacloud.nasa.gov/lp-prod-protected/HLSL30.020/HLS.L30.T35MPT.2020365T082033.v2.0/HLS.L30.T35MPT.2020365T082033.v2.0.B05.tif
172,https://data.lpdaac.earthdatacloud.nasa.gov/lp-prod-protected/HLSS30.020/HLS.S30.T36MTE.2021032T081049.v2.0/HLS.S30.T36MTE.2021032T081049.v2.0.B12.tif
173,https://data.lpdaac.earthdatacloud.nasa.gov/lp-prod-protected/HLSS30.020/HLS.S30.T36MTB.2021032T081049.v2.0/HLS.S30.T36MTB.2021032T081049.v2.0.B8A.tif
174,https://data.lpdaac.earthdatacloud.nasa.gov/lp-prod-protected/HLSS30.020/HLS.S30.T36MTB.2020335T080309.v2.0/HLS.S30.T36MTB.2020335T080309.v2.0.B12.tif
175,https://data.lpdaac.earthdatacloud.nasa.gov/lp-prod-protected/HLSS30.020/HLS.S30.T36MTC.2021029T080059.v2.0/HLS.S30.T36MTC.2021029T080059.v2.0.Fmask.tif
176,https://data.lpdaac.earthdatacloud.nasa.gov/lp-prod-protected/HLSS30.020/HLS.S30.T36MTD.2021032T081049.v2.0/HLS.S30.T36MTD.2021032T081049.v2.0.Fmask.tif
177,https://data.lpdaac.earthdatacloud.nasa.gov/lp-prod-protected/HLSS30.020/HLS.S30.T35MRU.2021002T081239.v2.0/HLS.S30.T35MRU.2021002T081239.v2.0.B12.tif
178,https://data.lpdaac.earthdatacloud.nasa.gov/lp-prod-protected/HLSS30.020/HLS.S30.T36MTB.2021002T081239.v2.0/HLS.S30.T36MTB.2021002T081239.v2.0.B02.tif
179,https://data.lpdaac.earthdatacloud.nasa.gov/lp-prod-protected/HLSS30.020/HLS.S30.T35MQS.2020333T081301.v2.0/HLS.S30.T35MQS.2020333T081301.v2.0.B04.tif
180,https://data.lpdaac.earthdatacloud.nasa.gov/lp-prod-protected/HLSS30.020/HLS.S30.T36MTE.2020335T080309.v2.0/HLS.S30.T36MTE.2020335T080309.v2.0.B04.tif
181,https://data.lpdaac.earthdatacloud.nasa.gov/lp-prod-protected/HLSS30.020/HLS.S30.T35MPU.2020336T082311.v2.0/HLS.S30.T35MPU.2020336T082311.v2.0.B11.tif
182,https://data.lpdaac.earthdatacloud.nasa.gov/lp-prod-protected/HLSS30.020/HLS.S30.T36MTE.2021059T075849.v2.0/HLS.S30.T36MTE.2021059T075849.v2.0.B12.tif
183,https://data.lpdaac.earthdatacloud.nasa.gov/lp-prod-protected/HLSS30.020/HLS.S30.T36MTB.2020365T080239.v2.0/HLS.S30.T36MTB.2020365T080239.v2.0.Fmask.tif
184,https://data.lpdaac.earthdatacloud.nasa.gov/lp-prod-protected/HLSL30.020/HLS.L30.T35MRT.2020335T080815.v2.0/HLS.L30.T35MRT.2020335T080815.v2.0.Fmask.tif
185,https://data.lpdaac.earthdatacloud.nasa.gov/lp-prod-protected/HLSS30.020/HLS.S30.T36MTE.2021032T081049.v2.0/HLS.S30.T36MTE.2021032T081049.v2.0.B03.tif
186,https://data.lpdaac.earthdatacloud.nasa.gov/lp-prod-protected/HLSS30.020/HLS.S30.T35MQS.2020363T081341.v2.0/HLS.S30.T35MQS.2020363T081341.v2.0.B12.tif
187,https://data.lpdaac.earthdatacloud.nasa.gov/lp-prod-protected/HLSS30.020/HLS.S30.T36MTD.2020335T080309.v2.0/HLS.S30.T36MTD.2020335T080309.v2.0.B8A.tif
188,https://data.lpdaac.earthdatacloud.nasa.gov/lp-prod-protected/HLSS30.020/HLS.S30.T35MQT.2020338T081319.v2.0/HLS.S30.T35MQT.2020338T081319.v2.0.Fmask.tif
189,https://data.lpdaac.earthdatacloud.nasa.gov/lp-prod-protected/HLSS30.020/HLS.S30.T36MTC.2020365T080239.v2.0/HLS.S30.T36MTC.2020365T080239.v2.0.B8A.tif
190,https://data.lpdaac.earthdatacloud.nasa.gov/lp-prod-protected/HLSS30.020/HLS.S30.T35MQV.2021002T081239.v2.0/HLS.S30.T35MQV.2021002T081239.v2.0.B11.tif
191,https://data.lpdaac.earthdatacloud.nasa.gov/lp-prod-protected/HLSS30.020/HLS.S30.T35MRU.2021032T081049.v2.0/HLS.S30.T35MRU.2021032T081049.v2.0.B02.tif
192,https://data.lpdaac.earthdatacloud.nasa.gov/lp-prod-protected/HLSS30.020/HLS.S30.T35MQS.2021027T081211.v2.0/HLS.S30.T35MQS.2021027T081211.v2.0.B8A.tif
193,https://data.lpdaac.earthdatacloud.nasa.gov/lp-prod-protected/HLSS30.020/HLS.S30.T35MRU.2021032T081049.v2.0/HLS.S30.T35MRU.2021032T081049.v2.0.Fmask.tif
194,https://data.lpdaac.earthdatacloud.nasa.gov/lp-prod-protected/HLSS30.020/HLS.S30.T36MTB.2020365T080239.v2.0/HLS.S30.T36MTB.2020365T080239.v2.0.B12.tif
195,https://data.lpdaac.earthdatacloud.nasa.gov/lp-prod-protected/HLSS30.020/HLS.S30.T36MTD.2021032T081049.v2.0/HLS.S30.T36MTD.2021032T081049.v2.0.B8A.tif
196,https://data.lpdaac.earthdatacloud.nasa.gov/lp-prod-protected/HLSS30.020/HLS.S30.T36MTC.2020335T080309.v2.0/HLS.S30.T36MTC.2020335T080309.v2.0.Fmask.tif
197,https://data.lpdaac.earthdatacloud.nasa.gov/lp-prod-protected/HLSL30.020/HLS.L30.T35MPT.2021063T082013.v2.0/HLS.L30.T35MPT.2021063T082013.v2.0.B05.tif
198,https://data.lpdaac.earthdatacloud.nasa.gov/lp-prod-protected/HLSS30.020/HLS.S30.T35MQS.2020363T081341.v2.0/HLS.S30.T35MQS.2020363T081341.v2.0.B11.tif
199,https://data.lpdaac.earthdatacloud.nasa.gov/lp-prod-protected/HLSS30.020/HLS.S30.T36MTD.2021059T075849.v2.0/HLS.S30.T36MTD.2021059T075849.v2.0.B04.tif
200,https://data.lpdaac.earthdatacloud.nasa.gov/lp-prod-protected/HLSS30.020/HLS.S30.T36MTB.2021059T075849.v2.0/HLS.S30.T36MTB.2021059T075849.v2.0.Fmask.tif
201,https://data.lpdaac.earthdatacloud.nasa.gov/lp-prod-protected/HLSL30.020/HLS.L30.T35MQV.2021063T081949.v2.0/HLS.L30.T35MQV.2021063T081949.v2.0.B07.tif
202,https://data.lpdaac.earthdatacloud.nasa.gov/lp-prod-protected/HLSS30.020/HLS.S30.T35MQT.2021032T081049.v2.0/HLS.S30.T35MQT.2021032T081049.v2.0.B03.tif
203,https://data.lpdaac.earthdatacloud.nasa.gov/lp-prod-protected/HLSS30.020/HLS.S30.T35MQU.2020338T081319.v2.0/HLS.S30.T35MQU.2020338T081319.v2.0.B02.tif
204,https://data.lpdaac.earthdatacloud.nasa.gov/lp-prod-protected/HLSS30.020/HLS.S30.T35MQT.2021002T081239.v2.0/HLS.S30.T35MQT.2021002T081239.v2.0.B04.tif
205,https://data.lpdaac.earthdatacloud.nasa.gov/lp-prod-protected/HLSS30.020/HLS.S30.T36MTB.2020365T080239.v2.0/HLS.S30.T36MTB.2020365T080239.v2.0.B11.tif
206,https://data.lpdaac.earthdatacloud.nasa.gov/lp-prod-protected/HLSS30.020/HLS.S30.T36MTB.2020365T080239.v2.0/HLS.S30.T36MTB.2020365T080239.v2.0.B8A.tif
207,https://data.lpdaac.earthdatacloud.nasa.gov/lp-prod-protected/HLSS30.020/HLS.S30.T36MTC.2020335T080309.v2.0/HLS.S30.T36MTC.2020335T080309.v2.0.B03.tif
208,https://data.lpdaac.earthdatacloud.nasa.gov/lp-prod-protected/HLSS30.020/HLS.S30.T36MTE.2021029T080059.v2.0/HLS.S30.T36MTE.2021029T080059.v2.0.B8A.tif
209,https://data.lpdaac.earthdatacloud.nasa.gov/lp-prod-protected/HLSS30.020/HLS.S30.T35MPU.2021030T082201.v2.0/HLS.S30.T35MPU.2021030T082201.v2.0.B04.tif
210,https://data.lpdaac.earthdatacloud.nasa.gov/lp-prod-protected/HLSS30.020/HLS.S30.T36MTC.2021002T081239.v2.0/HLS.S30.T36MTC.2021002T081239.v2.0.B04.tif
211,https://data.lpdaac.earthdatacloud.nasa.gov/lp-prod-protected/HLSS30.020/HLS.S30.T36MTE.2020365T080239.v2.0/HLS.S30.T36MTE.2020365T080239.v2.0.B8A.tif
212,https://data.lpdaac.earthdatacloud.nasa.gov/lp-prod-protected/HLSS30.020/HLS.S30.T35MQT.2021032T081049.v2.0/HLS.S30.T35MQT.2021032T081049.v2.0.B02.tif
213,https://data.lpdaac.earthdatacloud.nasa.gov/lp-prod-protected/HLSS30.020/HLS.S30.T36MTD.2021059T075849.v2.0/HLS.S30.T36MTD.2021059T075849.v2.0.Fmask.tif
214,https://data.lpdaac.earthdatacloud.nasa.gov/lp-prod-protected/HLSS30.020/HLS.S30.T35MQU.2021032T081049.v2.0/HLS.S30.T35MQU.2021032T081049.v2.0.B04.tif
215,https://data.lpdaac.earthdatacloud.nasa.gov/lp-prod-protected/HLSS30.020/HLS.S30.T36MTE.2020365T080239.v2.0/HLS.S30.T36MTE.2020365T080239.v2.0.B02.tif
216,https://data.lpdaac.earthdatacloud.nasa.gov/lp-prod-protected/HLSS30.020/HLS.S30.T36MTB.2021002T081239.v2.0/HLS.S30.T36MTB.2021002T081239.v2.0.B8A.tif
217,https://data.lpdaac.earthdatacloud.nasa.gov/lp-prod-protected/HLSS30.020/HLS.S30.T36MTB.2021059T075849.v2.0/HLS.S30.T36MTB.2021059T075849.v2.0.B11.tif
218,https://data.lpdaac.earthdatacloud.nasa.gov/lp-prod-protected/HLSS30.020/HLS.S30.T35MQS.2021027T081211.v2.0/HLS.S30.T35MQS.2021027T081211.v2.0.B12.tif
219,https://data.lpdaac.earthdatacloud.nasa.gov/lp-prod-protected/HLSL30.020/HLS.L30.T35MQV.2021031T081959.v2.0/HLS.L30.T35MQV.2021031T081959.v2.0.Fmask.tif
220,https://data.lpdaac.earthdatacloud.nasa.gov/lp-prod-protected/HLSS30.020/HLS.S30.T35MPU.2021060T081851.v2.0/HLS.S30.T35MPU.2021060T081851.v2.0.B02.tif
221,https://data.lpdaac.earthdatacloud.nasa.gov/lp-prod-protected/HLSS30.020/HLS.S30.T35MQU.2021002T081239.v2.0/HLS.S30.T35MQU.2021002T081239.v2.0.B03.tif
222,https://data.lpdaac.earthdatacloud.nasa.gov/lp-prod-protected/HLSS30.020/HLS.S30.T36MTE.2021032T081049.v2.0/HLS.S30.T36MTE.2021032T081049.v2.0.Fmask.tif
223,https://data.lpdaac.earthdatacloud.nasa.gov/lp-prod-protected/HLSL30.020/HLS.L30.T35MPU.2021031T082023.v2.0/HLS.L30.T35MPU.2021031T082023.v2.0.B05.tif
224,https://data.lpdaac.earthdatacloud.nasa.gov/lp-prod-protected/HLSS30.020/HLS.S30.T36MTE.2021029T080059.v2.0/HLS.S30.T36MTE.2021029T080059.v2.0.B12.tif
225,https://data.lpdaac.earthdatacloud.nasa.gov/lp-prod-protected/HLSS30.020/HLS.S30.T36MTD.2021059T075849.v2.0/HLS.S30.T36MTD.2021059T075849.v2.0.B8A.tif
226,https://data.lpdaac.earthdatacloud.nasa.gov/lp-prod-protected/HLSL30.020/HLS.L30.T35MRT.2020335T080815.v2.0/HLS.L30.T35MRT.2020335T080815.v2.0.B02.tif
227,https://data.lpdaac.earthdatacloud.nasa.gov/lp-prod-protected/HLSS30.020/HLS.S30.T36MTE.2021029T080059.v2.0/HLS.S30.T36MTE.2021029T080059.v2.0.B04.tif
228,https://data.lpdaac.earthdatacloud.nasa.gov/lp-prod-protected/HLSS30.020/HLS.S30.T35MPU.2020366T082341.v2.0/HLS.S30.T35MPU.2020366T082341.v2.0.B11.tif
229,https://data.lpdaac.earthdatacloud.nasa.gov/lp-prod-protected/HLSS30.020/HLS.S30.T35MQU.2020338T081319.v2.0/HLS.S30.T35MQU.2020338T081319.v2.0.B11.tif
230,https://data.lpdaac.earthdatacloud.nasa.gov/lp-prod-protected/HLSS30.020/HLS.S30.T36MTE.2020365T080239.v2.0/HLS.S30.T36MTE.2020365T080239.v2.0.Fmask.tif
231,https://data.lpdaac.earthdatacloud.nasa.gov/lp-prod-protected/HLSL30.020/HLS.L30.T35MQV.2021063T081949.v2.0/HLS.L30.T35MQV.2021063T081949.v2.0.B05.tif
232,https://data.lpdaac.earthdatacloud.nasa.gov/lp-prod-protected/HLSS30.020/HLS.S30.T36MTB.2021032T081049.v2.0/HLS.S30.T36MTB.2021032T081049.v2.0.B02.tif
233,https://data.lpdaac.earthdatacloud.nasa.gov/lp-prod-protected/HLSS30.020/HLS.S30.T35MQT.2020338T081319.v2.0/HLS.S30.T35MQT.2020338T081319.v2.0.B04.tif
234,https://data.lpdaac.earthdatacloud.nasa.gov/lp-prod-protected/HLSS30.020/HLS.S30.T36MTC.2021029T080059.v2.0/HLS.S30.T36MTC.2021029T080059.v2.0.B03.tif
235,https://data.lpdaac.earthdatacloud.nasa.gov/lp-prod-protected/HLSS30.020/HLS.S30.T35MQV.2021002T081239.v2.0/HLS.S30.T35MQV.2021002T081239.v2.0.B03.tif
236,https://data.lpdaac.earthdatacloud.nasa.gov/lp-prod-protected/HLSS30.020/HLS.S30.T36MTE.2021059T075849.v2.0/HLS.S30.T36MTE.2021059T075849.v2.0.B11.tif
237,https://data.lpdaac.earthdatacloud.nasa.gov/lp-prod-protected/HLSS30.020/HLS.S30.T36MTE.2020335T080309.v2.0/HLS.S30.T36MTE.2020335T080309.v2.0.B11.tif
238,https://data.lpdaac.earthdatacloud.nasa.gov/lp-prod-protected/HLSS30.020/HLS.S30.T35MRU.2021032T081049.v2.0/HLS.S30.T35MRU.2021032T081049.v2.0.B8A.tif
239,https://data.lpdaac.earthdatacloud.nasa.gov/lp-prod-protected/HLSS30.020/HLS.S30.T36MTD.2021002T081239.v2.0/HLS.S30.T36MTD.2021002T081239.v2.0.B11.tif
240,https://data.lpdaac.earthdatacloud.nasa.gov/lp-prod-protected/HLSS30.020/HLS.S30.T35MPU.2020366T082341.v2.0/HLS.S30.T35MPU.2020366T082341.v2.0.B03.tif
241,https://data.lpdaac.earthdatacloud.nasa.gov/lp-prod-protected/HLSS30.020/HLS.S30.T35MQT.2020338T081319.v2.0/HLS.S30.T35MQT.2020338T081319.v2.0.B8A.tif
242,https://data.lpdaac.earthdatacloud.nasa.gov/lp-prod-protected/HLSS30.020/HLS.S30.T36MTD.2020335T080309.v2.0/HLS.S30.T36MTD.2020335T080309.v2.0.B03.tif
243,https://data.lpdaac.earthdatacloud.nasa.gov/lp-prod-protected/HLSS30.020/HLS.S30.T36MTC.2021002T081239.v2.0/HLS.S30.T36MTC.2021002T081239.v2.0.Fmask.tif
244,https://data.lpdaac.earthdatacloud.nasa.gov/lp-prod-protected/HLSS30.020/HLS.S30.T35MQS.2020363T081341.v2.0/HLS.S30.T35MQS.2020363T081341.v2.0.B03.tif
245,https://data.lpdaac.earthdatacloud.nasa.gov/lp-prod-protected/HLSL30.020/HLS.L30.T35MRT.2020335T080815.v2.0/HLS.L30.T35MRT.2020335T080815.v2.0.B04.tif
246,https://data.lpdaac.earthdatacloud.nasa.gov/lp-prod-protected/HLSS30.020/HLS.S30.T35MQS.2020333T081301.v2.0/HLS.S30.T35MQS.2020333T081301.v2.0.B03.tif
247,https://data.lpdaac.earthdatacloud.nasa.gov/lp-prod-protected/HLSS30.020/HLS.S30.T35MQT.2021032T081049.v2.0/HLS.S30.T35MQT.2021032T081049.v2.0.B04.tif
248,https://data.lpdaac.earthdatacloud.nasa.gov/lp-prod-protected/HLSS30.020/HLS.S30.T36MTB.2021029T080059.v2.0/HLS.S30.T36MTB.2021029T080059.v2.0.B03.tif
249,https://data.lpdaac.earthdatacloud.nasa.gov/lp-prod-protected/HLSL30.020/HLS.L30.T35MPT.2021063T082013.v2.0/HLS.L30.T35MPT.2021063T082013.v2.0.B03.tif
250,https://data.lpdaac.earthdatacloud.nasa.gov/lp-prod-protected/HLSS30.020/HLS.S30.T35MPU.2020336T082311.v2.0/HLS.S30.T35MPU.2020336T082311.v2.0.B03.tif
251,https://data.lpdaac.earthdatacloud.nasa.gov/lp-prod-protected/HLSS30.020/HLS.S30.T36MTB.2020335T080309.v2.0/HLS.S30.T36MTB.2020335T080309.v2.0.B02.tif
252,https://data.lpdaac.earthdatacloud.nasa.gov/lp-prod-protected/HLSS30.020/HLS.S30.T36MTC.2021002T081239.v2.0/HLS.S30.T36MTC.2021002T081239.v2.0.B8A.tif
253,https://data.lpdaac.earthdatacloud.nasa.gov/lp-prod-protected/HLSL30.020/HLS.L30.T35MPT.2021063T082013.v2.0/HLS.L30.T35MPT.2021063T082013.v2.0.B02.tif
254,https://data.lpdaac.earthdatacloud.nasa.gov/lp-prod-protected/HLSS30.020/HLS.S30.T36MTB.2021029T080059.v2.0/HLS.S30.T36MTB.2021029T080059.v2.0.B8A.tif
255,https://data.lpdaac.earthdatacloud.nasa.gov/lp-prod-protected/HLSS30.020/HLS.S30.T36MTC.2021029T080059.v2.0/HLS.S30.T36MTC.2021029T080059.v2.0.B12.tif
256,https://data.lpdaac.earthdatacloud.nasa.gov/lp-prod-protected/HLSS30.020/HLS.S30.T35MQS.2020363T081341.v2.0/HLS.S30.T35MQS.2020363T081341.v2.0.Fmask.tif
257,https://data.lpdaac.earthdatacloud.nasa.gov/lp-prod-protected/HLSS30.020/HLS.S30.T35MQT.2020338T081319.v2.0/HLS.S30.T35MQT.2020338T081319.v2.0.B03.tif
258,https://data.lpdaac.earthdatacloud.nasa.gov/lp-prod-protected/HLSS30.020/HLS.S30.T36MTD.2020335T080309.v2.0/HLS.S30.T36MTD.2020335T080309.v2.0.B04.tif
259,https://data.lpdaac.earthdatacloud.nasa.gov/lp-prod-protected/HLSS30.020/HLS.S30.T36MTD.2020365T080239.v2.0/HLS.S30.T36MTD.2020365T080239.v2.0.B12.tif
260,https://data.lpdaac.earthdatacloud.nasa.gov/lp-prod-protected/HLSS30.020/HLS.S30.T36MTD.2020335T080309.v2.0/HLS.S30.T36MTD.2020335T080309.v2.0.B11.tif
261,https://data.lpdaac.earthdatacloud.nasa.gov/lp-prod-protected/HLSS30.020/HLS.S30.T36MTB.2021029T080059.v2.0/HLS.S30.T36MTB.2021029T080059.v2.0.B02.tif
262,https://data.lpdaac.earthdatacloud.nasa.gov/lp-prod-protected/HLSS30.020/HLS.S30.T35MPT.2020333T081301.v2.0/HLS.S30.T35MPT.2020333T081301.v2.0.B8A.tif
263,https://data.lpdaac.earthdatacloud.nasa.gov/lp-prod-protected/HLSS30.020/HLS.S30.T35MRT.2021002T081239.v2.0/HLS.S30.T35MRT.2021002T081239.v2.0.B11.tif
264,https://data.lpdaac.earthdatacloud.nasa.gov/lp-prod-protected/HLSL30.020/HLS.L30.T35MQV.2021063T081949.v2.0/HLS.L30.T35MQV.2021063T081949.v2.0.B02.tif
265,https://data.lpdaac.earthdatacloud.nasa.gov/lp-prod-protected/HLSS30.020/HLS.S30.T35MQT.2021002T081239.v2.0/HLS.S30.T35MQT.2021002T081239.v2.0.B02.tif
266,https://data.lpdaac.earthdatacloud.nasa.gov/lp-prod-protected/HLSS30.020/HLS.S30.T36MTB.2021059T075849.v2.0/HLS.S30.T36MTB.2021059T075849.v2.0.B03.tif
267,https://data.lpdaac.earthdatacloud.nasa.gov/lp-prod-protected/HLSS30.020/HLS.S30.T35MRT.2021032T081049.v2.0/HLS.S30.T35MRT.2021032T081049.v2.0.B12.tif
268,https://data.lpdaac.earthdatacloud.nasa.gov/lp-prod-protected/HLSS30.020/HLS.S30.T35MQT.2021032T081049.v2.0/HLS.S30.T35MQT.2021032T081049.v2.0.B11.tif
269,https://data.lpdaac.earthdatacloud.nasa.gov/lp-prod-protected/HLSS30.020/HLS.S30.T36MTE.2021029T080059.v2.0/HLS.S30.T36MTE.2021029T080059.v2.0.Fmask.tif
270,https://data.lpdaac.earthdatacloud.nasa.gov/lp-prod-protected/HLSL30.020/HLS.L30.T35MPU.2021031T082023.v2.0/HLS.L30.T35MPU.2021031T082023.v2.0.Fmask.tif
271,https://data.lpdaac.earthdatacloud.nasa.gov/lp-prod-protected/HLSS30.020/HLS.S30.T35MQS.2020363T081341.v2.0/HLS.S30.T35MQS.2020363T081341.v2.0.B04.tif
272,https://data.lpdaac.earthdatacloud.nasa.gov/lp-prod-protected/HLSS30.020/HLS.S30.T35MRT.2021002T081239.v2.0/HLS.S30.T35MRT.2021002T081239.v2.0.B03.tif
273,https://data.lpdaac.earthdatacloud.nasa.gov/lp-prod-protected/HLSL30.020/HLS.L30.T35MQV.2021031T081959.v2.0/HLS.L30.T35MQV.2021031T081959.v2.0.B02.tif
274,https://data.lpdaac.earthdatacloud.nasa.gov/lp-prod-protected/HLSS30.020/HLS.S30.T35MQU.2021032T081049.v2.0/HLS.S30.T35MQU.2021032T081049.v2.0.Fmask.tif
275,https://data.lpdaac.earthdatacloud.nasa.gov/lp-prod-protected/HLSS30.020/HLS.S30.T35MQU.2020338T081319.v2.0/HLS.S30.T35MQU.2020338T081319.v2.0.B12.tif
276,https://data.lpdaac.earthdatacloud.nasa.gov/lp-prod-protected/HLSL30.020/HLS.L30.T35MPT.2020365T082033.v2.0/HLS.L30.T35MPT.2020365T082033.v2.0.Fmask.tif
277,https://data.lpdaac.earthdatacloud.nasa.gov/lp-prod-protected/HLSS30.020/HLS.S30.T36MTD.2020335T080309.v2.0/HLS.S30.T36MTD.2020335T080309.v2.0.Fmask.tif
278,https://data.lpdaac.earthdatacloud.nasa.gov/lp-prod-protected/HLSS30.020/HLS.S30.T36MTC.2021032T081049.v2.0/HLS.S30.T36MTC.2021032T081049.v2.0.B02.tif
279,https://data.lpdaac.earthdatacloud.nasa.gov/lp-prod-protected/HLSS30.020/HLS.S30.T36MTC.2021032T081049.v2.0/HLS.S30.T36MTC.2021032T081049.v2.0.B04.tif
280,https://data.lpdaac.earthdatacloud.nasa.gov/lp-prod-protected/HLSS30.020/HLS.S30.T35MRU.2021002T081239.v2.0/HLS.S30.T35MRU.2021002T081239.v2.0.B8A.tif
281,https://data.lpdaac.earthdatacloud.nasa.gov/lp-prod-protected/HLSS30.020/HLS.S30.T35MRT.2021032T081049.v2.0/HLS.S30.T35MRT.2021032T081049.v2.0.B8A.tif
282,https://data.lpdaac.earthdatacloud.nasa.gov/lp-prod-protected/HLSL30.020/HLS.L30.T35MQV.2021063T081949.v2.0/HLS.L30.T35MQV.2021063T081949.v2.0.B04.tif
283,https://data.lpdaac.earthdatacloud.nasa.gov/lp-prod-protected/HLSS30.020/HLS.S30.T36MTE.2021032T081049.v2.0/HLS.S30.T36MTE.2021032T081049.v2.0.B8A.tif
284,https://data.lpdaac.earthdatacloud.nasa.gov/lp-prod-protected/HLSS30.020/HLS.S30.T36MTE.2020365T080239.v2.0/HLS.S30.T36MTE.2020365T080239.v2.0.B04.tif
285,https://data.lpdaac.earthdatacloud.nasa.gov/lp-prod-protected/HLSS30.020/HLS.S30.T36MTB.2021032T081049.v2.0/HLS.S30.T36MTB.2021032T081049.v2.0.B03.tif
286,https://data.lpdaac.earthdatacloud.nasa.gov/lp-prod-protected/HLSS30.020/HLS.S30.T35MRU.2021032T081049.v2.0/HLS.S30.T35MRU.2021032T081049.v2.0.B12.tif
287,https://data.lpdaac.earthdatacloud.nasa.gov/lp-prod-protected/HLSS30.020/HLS.S30.T35MQU.2021032T081049.v2.0/HLS.S30.T35MQU.2021032T081049.v2.0.B11.tif
288,https://data.lpdaac.earthdatacloud.nasa.gov/lp-prod-protected/HLSS30.020/HLS.S30.T35MQS.2021027T081211.v2.0/HLS.S30.T35MQS.2021027T081211.v2.0.B03.tif
289,https://data.lpdaac.earthdatacloud.nasa.gov/lp-prod-protected/HLSS30.020/HLS.S30.T36MTE.2021029T080059.v2.0/HLS.S30.T36MTE.2021029T080059.v2.0.B11.tif
290,https://data.lpdaac.earthdatacloud.nasa.gov/lp-prod-protected/HLSS30.020/HLS.S30.T36MTB.2020335T080309.v2.0/HLS.S30.T36MTB.2020335T080309.v2.0.B04.tif
291,https://data.lpdaac.earthdatacloud.nasa.gov/lp-prod-protected/HLSS30.020/HLS.S30.T36MTD.2021029T080059.v2.0/HLS.S30.T36MTD.2021029T080059.v2.0.B12.tif
292,https://data.lpdaac.earthdatacloud.nasa.gov/lp-prod-protected/HLSS30.020/HLS.S30.T35MPU.2020336T082311.v2.0/HLS.S30.T35MPU.2020336T082311.v2.0.B8A.tif
293,https://data.lpdaac.earthdatacloud.nasa.gov/lp-prod-protected/HLSS30.020/HLS.S30.T35MQS.2020333T081301.v2.0/HLS.S30.T35MQS.2020333T081301.v2.0.B12.tif
294,https://data.lpdaac.earthdatacloud.nasa.gov/lp-prod-protected/HLSS30.020/HLS.S30.T36MTE.2021059T075849.v2.0/HLS.S30.T36MTE.2021059T075849.v2.0.B02.tif
295,https://data.lpdaac.earthdatacloud.nasa.gov/lp-prod-protected/HLSL30.020/HLS.L30.T35MPU.2021031T082023.v2.0/HLS.L30.T35MPU.2021031T082023.v2.0.B06.tif
296,https://data.lpdaac.earthdatacloud.nasa.gov/lp-prod-protected/HLSS30.020/HLS.S30.T35MPU.2021030T082201.v2.0/HLS.S30.T35MPU.2021030T082201.v2.0.Fmask.tif
297,https://data.lpdaac.earthdatacloud.nasa.gov/lp-prod-protected/HLSS30.020/HLS.S30.T36MTE.2021032T081049.v2.0/HLS.S30.T36MTE.2021032T081049.v2.0.B11.tif
298,https://data.lpdaac.earthdatacloud.nasa.gov/lp-prod-protected/HLSS30.020/HLS.S30.T36MTD.2021029T080059.v2.0/HLS.S30.T36MTD.2021029T080059.v2.0.B03.tif
299,https://data.lpdaac.earthdatacloud.nasa.gov/lp-prod-protected/HLSS30.020/HLS.S30.T35MRT.2021032T081049.v2.0/HLS.S30.T35MRT.2021032T081049.v2.0.B04.tif
300,https://data.lpdaac.earthdatacloud.nasa.gov/lp-prod-protected/HLSS30.020/HLS.S30.T36MTD.2021029T080059.v2.0/HLS.S30.T36MTD.2021029T080059.v2.0.Fmask.tif
301,https://data.lpdaac.earthdatacloud.nasa.gov/lp-prod-protected/HLSS30.020/HLS.S30.T36MTC.2021032T081049.v2.0/HLS.S30.T36MTC.2021032T081049.v2.0.B8A.tif
302,https://data.lpdaac.earthdatacloud.nasa.gov/lp-prod-protected/HLSS30.020/HLS.S30.T36MTE.2021059T075849.v2.0/HLS.S30.T36MTE.2021059T075849.v2.0.B8A.tif
303,https://data.lpdaac.earthdatacloud.nasa.gov/lp-prod-protected/HLSL30.020/HLS.L30.T35MQV.2021031T081959.v2.0/HLS.L30.T35MQV.2021031T081959.v2.0.B05.tif
304,https://data.lpdaac.earthdatacloud.nasa.gov/lp-prod-protected/HLSS30.020/HLS.S30.T35MQS.2021027T081211.v2.0/HLS.S30.T35MQS.2021027T081211.v2.0.B04.tif
305,https://data.lpdaac.earthdatacloud.nasa.gov/lp-prod-protected/HLSS30.020/HLS.S30.T36MTC.2020335T080309.v2.0/HLS.S30.T36MTC.2020335T080309.v2.0.B04.tif
306,https://data.lpdaac.earthdatacloud.nasa.gov/lp-prod-protected/HLSS30.020/HLS.S30.T35MQS.2020333T081301.v2.0/HLS.S30.T35MQS.2020333T081301.v2.0.B8A.tif
307,https://data.lpdaac.earthdatacloud.nasa.gov/lp-prod-protected/HLSS30.020/HLS.S30.T35MQU.2021032T081049.v2.0/HLS.S30.T35MQU.2021032T081049.v2.0.B8A.tif
308,https://data.lpdaac.earthdatacloud.nasa.gov/lp-prod-protected/HLSL30.020/HLS.L30.T35MPT.2021063T082013.v2.0/HLS.L30.T35MPT.2021063T082013.v2.0.B06.tif
309,https://data.lpdaac.earthdatacloud.nasa.gov/lp-prod-protected/HLSS30.020/HLS.S30.T36MTC.2020335T080309.v2.0/HLS.S30.T36MTC.2020335T080309.v2.0.B02.tif
310,https://data.lpdaac.earthdatacloud.nasa.gov/lp-prod-protected/HLSL30.020/HLS.L30.T35MPT.2020365T082033.v2.0/HLS.L30.T35MPT.2020365T082033.v2.0.B02.tif
311,https://data.lpdaac.earthdatacloud.nasa.gov/lp-prod-protected/HLSS30.020/HLS.S30.T36MTC.2021032T081049.v2.0/HLS.S30.T36MTC.2021032T081049.v2.0.B03.tif
312,https://data.lpdaac.earthdatacloud.nasa.gov/lp-prod-protected/HLSS30.020/HLS.S30.T36MTC.2021002T081239.v2.0/HLS.S30.T36MTC.2021002T081239.v2.0.B02.tif
313,https://data.lpdaac.earthdatacloud.nasa.gov/lp-prod-protected/HLSS30.020/HLS.S30.T36MTC.2021059T075849.v2.0/HLS.S30.T36MTC.2021059T075849.v2.0.B11.tif
314,https://data.lpdaac.earthdatacloud.nasa.gov/lp-prod-protected/HLSS30.020/HLS.S30.T35MPT.2020333T081301.v2.0/HLS.S30.T35MPT.2020333T081301.v2.0.B12.tif
315,https://data.lpdaac.earthdatacloud.nasa.gov/lp-prod-protected/HLSS30.020/HLS.S30.T35MRU.2020333T081301.v2.0/HLS.S30.T35MRU.2020333T081301.v2.0.B02.tif
316,https://data.lpdaac.earthdatacloud.nasa.gov/lp-prod-protected/HLSS30.020/HLS.S30.T35MRT.2021032T081049.v2.0/HLS.S30.T35MRT.2021032T081049.v2.0.B02.tif
317,https://data.lpdaac.earthdatacloud.nasa.gov/lp-prod-protected/HLSS30.020/HLS.S30.T36MTE.2021029T080059.v2.0/HLS.S30.T36MTE.2021029T080059.v2.0.B02.tif
318,https://data.lpdaac.earthdatacloud.nasa.gov/lp-prod-protected/HLSS30.020/HLS.S30.T35MQU.2021002T081239.v2.0/HLS.S30.T35MQU.2021002T081239.v2.0.Fmask.tif
319,https://data.lpdaac.earthdatacloud.nasa.gov/lp-prod-protected/HLSS30.020/HLS.S30.T36MTC.2020365T080239.v2.0/HLS.S30.T36MTC.2020365T080239.v2.0.Fmask.tif
320,https://data.lpdaac.earthdatacloud.nasa.gov/lp-prod-protected/HLSS30.020/HLS.S30.T35MPU.2021030T082201.v2.0/HLS.S30.T35MPU.2021030T082201.v2.0.B8A.tif
321,https://data.lpdaac.earthdatacloud.nasa.gov/lp-prod-protected/HLSL30.020/HLS.L30.T35MRT.2020335T080815.v2.0/HLS.L30.T35MRT.2020335T080815.v2.0.B05.tif
322,https://data.lpdaac.earthdatacloud.nasa.gov/lp-prod-protected/HLSS30.020/HLS.S30.T36MTD.2020365T080239.v2.0/HLS.S30.T36MTD.2020365T080239.v2.0.B11.tif
323,https://data.lpdaac.earthdatacloud.nasa.gov/lp-prod-protected/HLSS30.020/HLS.S30.T35MQV.2021002T081239.v2.0/HLS.S30.T35MQV.2021002T081239.v2.0.B8A.tif
324,https://data.lpdaac.earthdatacloud.nasa.gov/lp-prod-protected/HLSS30.020/HLS.S30.T35MRU.2020333T081301.v2.0/HLS.S30.T35MRU.2020333T081301.v2.0.B11.tif
325,https://data.lpdaac.earthdatacloud.nasa.gov/lp-prod-protected/HLSS30.020/HLS.S30.T35MQS.2020363T081341.v2.0/HLS.S30.T35MQS.2020363T081341.v2.0.B8A.tif
326,https://data.lpdaac.earthdatacloud.nasa.gov/lp-prod-protected/HLSS30.020/HLS.S30.T35MQV.2021002T081239.v2.0/HLS.S30.T35MQV.2021002T081239.v2.0.B02.tif
327,https://data.lpdaac.earthdatacloud.nasa.gov/lp-prod-protected/HLSL30.020/HLS.L30.T35MRT.2020335T080815.v2.0/HLS.L30.T35MRT.2020335T080815.v2.0.B07.tif
328,https://data.lpdaac.earthdatacloud.nasa.gov/lp-prod-protected/HLSS30.020/HLS.S30.T35MPU.2021060T081851.v2.0/HLS.S30.T35MPU.2021060T081851.v2.0.B11.tif
329,https://data.lpdaac.earthdatacloud.nasa.gov/lp-prod-protected/HLSS30.020/HLS.S30.T36MTD.2021002T081239.v2.0/HLS.S30.T36MTD.2021002T081239.v2.0.B8A.tif
330,https://data.lpdaac.earthdatacloud.nasa.gov/lp-prod-protected/HLSS30.020/HLS.S30.T35MQT.2020338T081319.v2.0/HLS.S30.T35MQT.2020338T081319.v2.0.B12.tif
331,https://data.lpdaac.earthdatacloud.nasa.gov/lp-prod-protected/HLSS30.020/HLS.S30.T36MTD.2020365T080239.v2.0/HLS.S30.T36MTD.2020365T080239.v2.0.B03.tif
332,https://data.lpdaac.earthdatacloud.nasa.gov/lp-prod-protected/HLSL30.020/HLS.L30.T35MPT.2021031T082023.v2.0/HLS.L30.T35MPT.2021031T082023.v2.0.B03.tif
333,https://data.lpdaac.earthdatacloud.nasa.gov/lp-prod-protected/HLSS30.020/HLS.S30.T35MQS.2020363T081341.v2.0/HLS.S30.T35MQS.2020363T081341.v2.0.B02.tif
334,https://data.lpdaac.earthdatacloud.nasa.gov/lp-prod-protected/HLSS30.020/HLS.S30.T35MPU.2021060T081851.v2.0/HLS.S30.T35MPU.2021060T081851.v2.0.B8A.tif
335,https://data.lpdaac.earthdatacloud.nasa.gov/lp-prod-protected/HLSS30.020/HLS.S30.T36MTD.2021029T080059.v2.0/HLS.S30.T36MTD.2021029T080059.v2.0.B11.tif
336,https://data.lpdaac.earthdatacloud.nasa.gov/lp-prod-protected/HLSS30.020/HLS.S30.T36MTD.2021059T075849.v2.0/HLS.S30.T36MTD.2021059T075849.v2.0.B12.tif
337,https://data.lpdaac.earthdatacloud.nasa.gov/lp-prod-protected/HLSS30.020/HLS.S30.T35MQT.2021002T081239.v2.0/HLS.S30.T35MQT.2021002T081239.v2.0.B12.tif
338,https://data.lpdaac.earthdatacloud.nasa.gov/lp-prod-protected/HLSS30.020/HLS.S30.T35MPU.2020336T082311.v2.0/HLS.S30.T35MPU.2020336T082311.v2.0.B12.tif
339,https://data.lpdaac.earthdatacloud.nasa.gov/lp-prod-protected/HLSS30.020/HLS.S30.T36MTD.2021059T075849.v2.0/HLS.S30.T36MTD.2021059T075849.v2.0.B02.tif
340,https://data.lpdaac.earthdatacloud.nasa.gov/lp-prod-protected/HLSS30.020/HLS.S30.T36MTB.2020335T080309.v2.0/HLS.S30.T36MTB.2020335T080309.v2.0.B11.tif
341,https://data.lpdaac.earthdatacloud.nasa.gov/lp-prod-protected/HLSS30.020/HLS.S30.T35MPT.2020333T081301.v2.0/HLS.S30.T35MPT.2020333T081301.v2.0.B02.tif
342,https://data.lpdaac.earthdatacloud.nasa.gov/lp-prod-protected/HLSS30.020/HLS.S30.T35MPU.2021030T082201.v2.0/HLS.S30.T35MPU.2021030T082201.v2.0.B02.tif
343,https://data.lpdaac.earthdatacloud.nasa.gov/lp-prod-protected/HLSS30.020/HLS.S30.T36MTB.2021032T081049.v2.0/HLS.S30.T36MTB.2021032T081049.v2.0.Fmask.tif
344,https://data.lpdaac.earthdatacloud.nasa.gov/lp-prod-protected/HLSS30.020/HLS.S30.T36MTE.2021032T081049.v2.0/HLS.S30.T36MTE.2021032T081049.v2.0.B02.tif
345,https://data.lpdaac.earthdatacloud.nasa.gov/lp-prod-protected/HLSS30.020/HLS.S30.T36MTD.2021002T081239.v2.0/HLS.S30.T36MTD.2021002T081239.v2.0.Fmask.tif
346,https://data.lpdaac.earthdatacloud.nasa.gov/lp-prod-protected/HLSS30.020/HLS.S30.T36MTC.2021059T075849.v2.0/HLS.S30.T36MTC.2021059T075849.v2.0.B02.tif
347,https://data.lpdaac.earthdatacloud.nasa.gov/lp-prod-protected/HLSL30.020/HLS.L30.T35MQV.2021031T081959.v2.0/HLS.L30.T35MQV.2021031T081959.v2.0.B06.tif
348,https://data.lpdaac.earthdatacloud.nasa.gov/lp-prod-protected/HLSS30.020/HLS.S30.T36MTD.2021059T075849.v2.0/HLS.S30.T36MTD.2021059T075849.v2.0.B11.tif
349,https://data.lpdaac.earthdatacloud.nasa.gov/lp-prod-protected/HLSS30.020/HLS.S30.T36MTD.2021032T081049.v2.0/HLS.S30.T36MTD.2021032T081049.v2.0.B03.tif
350,https://data.lpdaac.earthdatacloud.nasa.gov/lp-prod-protected/HLSL30.020/HLS.L30.T35MPT.2021063T082013.v2.0/HLS.L30.T35MPT.2021063T082013.v2.0.B04.tif
351,https://data.lpdaac.earthdatacloud.nasa.gov/lp-prod-protected/HLSS30.020/HLS.S30.T35MQT.2021002T081239.v2.0/HLS.S30.T35MQT.2021002T081239.v2.0.B8A.tif
352,https://data.lpdaac.earthdatacloud.nasa.gov/lp-prod-protected/HLSS30.020/HLS.S30.T36MTC.2020365T080239.v2.0/HLS.S30.T36MTC.2020365T080239.v2.0.B12.tif
353,https://data.lpdaac.earthdatacloud.nasa.gov/lp-prod-protected/HLSL30.020/HLS.L30.T35MPT.2021031T082023.v2.0/HLS.L30.T35MPT.2021031T082023.v2.0.B06.tif
354,https://data.lpdaac.earthdatacloud.nasa.gov/lp-prod-protected/HLSS30.020/HLS.S30.T35MPT.2021002T081239.v2.0/HLS.S30.T35MPT.2021002T081239.v2.0.B8A.tif
355,https://data.lpdaac.earthdatacloud.nasa.gov/lp-prod-protected/HLSS30.020/HLS.S30.T36MTC.2021029T080059.v2.0/HLS.S30.T36MTC.2021029T080059.v2.0.B8A.tif
356,https://data.lpdaac.earthdatacloud.nasa.gov/lp-prod-protected/HLSS30.020/HLS.S30.T35MPT.2021002T081239.v2.0/HLS.S30.T35MPT.2021002T081239.v2.0.B04.tif
